교차로,접근로,이동류,시,혼잡률,평균속도,자유속도,표본
동막교사거리,경기고속삼거리 방면,우회전,0,0.0,23.6,24.2,333
동막교사거리,경기고속삼거리 방면,우회전,1,0.0,24.9,24.2,269
동막교사거리,경기고속삼거리 방면,우회전,2,0.0,25.6,24.2,116
동막교사거리,경기고속삼거리 방면,우회전,3,0.0,26.1,24.2,111
동막교사거리,경기고속삼거리 방면,우회전,4,0.0,25.4,24.2,347
동막교사거리,경기고속삼거리 방면,우회전,5,0.0,24.4,24.2,360
동막교사거리,경기고속삼거리 방면,우회전,6,0.0,23.3,24.2,362
동막교사거리,경기고속삼거리 방면,우회전,7,0.0,24.4,24.2,376
동막교사거리,경기고속삼거리 방면,우회전,8,0.0,23.7,24.2,377
동막교사거리,경기고속삼거리 방면,우회전,9,0.0,23.1,24.2,380
동막교사거리,경기고속삼거리 방면,우회전,10,0.0,22.6,24.2,380
동막교사거리,경기고속삼거리 방면,우회전,11,0.0,22.1,24.2,380
동막교사거리,경기고속삼거리 방면,우회전,12,0.3,21.7,24.2,378
동막교사거리,경기고속삼거리 방면,우회전,13,0.0,21.9,24.2,376
동막교사거리,경기고속삼거리 방면,우회전,14,0.0,22.2,24.2,376
동막교사거리,경기고속삼거리 방면,우회전,15,0.0,22.3,24.2,377
동막교사거리,경기고속삼거리 방면,우회전,16,0.3,22.6,24.2,378
동막교사거리,경기고속삼거리 방면,우회전,17,0.0,22.4,24.2,373
동막교사거리,경기고속삼거리 방면,우회전,18,0.0,21.8,24.2,376
동막교사거리,경기고속삼거리 방면,우회전,19,0.0,23.0,24.2,374
동막교사거리,경기고속삼거리 방면,우회전,20,0.0,22.9,24.2,369
동막교사거리,경기고속삼거리 방면,우회전,21,0.0,22.8,24.2,371
동막교사거리,경기고속삼거리 방면,우회전,22,0.0,23.0,24.2,369
동막교사거리,경기고속삼거리 방면,우회전,23,0.0,23.2,24.2,360
동막교사거리,경기고속삼거리 방면,좌회전,0,0.3,26.4,26.1,335
동막교사거리,경기고속삼거리 방면,좌회전,1,0.4,25.9,26.1,248
동막교사거리,경기고속삼거리 방면,좌회전,2,1.0,25.2,26.1,100
동막교사거리,경기고속삼거리 방면,좌회전,3,2.2,24.0,26.1,45
동막교사거리,경기고속삼거리 방면,좌회전,4,0.5,24.6,26.1,182
동막교사거리,경기고속삼거리 방면,좌회전,5,0.3,26.3,26.1,326
동막교사거리,경기고속삼거리 방면,좌회전,6,0.0,27.5,26.1,358
동막교사거리,경기고속삼거리 방면,좌회전,7,0.0,27.4,26.1,376
동막교사거리,경기고속삼거리 방면,좌회전,8,1.3,28.0,26.1,379
동막교사거리,경기고속삼거리 방면,좌회전,9,0.0,28.9,26.1,380
동막교사거리,경기고속삼거리 방면,좌회전,10,0.0,28.3,26.1,380
동막교사거리,경기고속삼거리 방면,좌회전,11,0.0,28.1,26.1,380
동막교사거리,경기고속삼거리 방면,좌회전,12,0.0,28.0,26.1,379
동막교사거리,경기고속삼거리 방면,좌회전,13,0.0,28.0,26.1,377
동막교사거리,경기고속삼거리 방면,좌회전,14,0.0,28.0,26.1,377
동막교사거리,경기고속삼거리 방면,좌회전,15,0.0,28.0,26.1,379
동막교사거리,경기고속삼거리 방면,좌회전,16,0.0,28.6,26.1,378
동막교사거리,경기고속삼거리 방면,좌회전,17,0.0,28.8,26.1,379
동막교사거리,경기고속삼거리 방면,좌회전,18,0.0,28.9,26.1,377
동막교사거리,경기고속삼거리 방면,좌회전,19,0.0,28.6,26.1,368
동막교사거리,경기고속삼거리 방면,좌회전,20,0.0,28.3,26.1,366
동막교사거리,경기고속삼거리 방면,좌회전,21,0.0,28.0,26.1,363
동막교사거리,경기고속삼거리 방면,좌회전,22,0.6,27.8,26.1,359
동막교사거리,경기고속삼거리 방면,좌회전,23,0.3,27.1,26.1,355
동막교사거리,경기고속삼거리 방면,직진,0,0.0,42.4,41.8,336
동막교사거리,경기고속삼거리 방면,직진,1,0.4,41.3,41.8,284
동막교사거리,경기고속삼거리 방면,직진,2,0.7,41.5,41.8,144
동막교사거리,경기고속삼거리 방면,직진,3,1.6,41.2,41.8,62
동막교사거리,경기고속삼거리 방면,직진,4,2.0,40.8,41.8,244
동막교사거리,경기고속삼거리 방면,직진,5,0.0,41.3,41.8,345
동막교사거리,경기고속삼거리 방면,직진,6,0.0,48.1,41.8,357
동막교사거리,경기고속삼거리 방면,직진,7,0.0,47.7,41.8,377
동막교사거리,경기고속삼거리 방면,직진,8,0.5,45.8,41.8,381
동막교사거리,경기고속삼거리 방면,직진,9,0.0,45.8,41.8,380
동막교사거리,경기고속삼거리 방면,직진,10,0.0,40.3,41.8,381
동막교사거리,경기고속삼거리 방면,직진,11,0.3,39.1,41.8,382
동막교사거리,경기고속삼거리 방면,직진,12,0.0,38.9,41.8,380
동막교사거리,경기고속삼거리 방면,직진,13,0.0,39.4,41.8,378
동막교사거리,경기고속삼거리 방면,직진,14,0.0,39.3,41.8,376
동막교사거리,경기고속삼거리 방면,직진,15,0.0,39.8,41.8,377
동막교사거리,경기고속삼거리 방면,직진,16,0.3,43.3,41.8,381
동막교사거리,경기고속삼거리 방면,직진,17,0.5,43.2,41.8,383
동막교사거리,경기고속삼거리 방면,직진,18,1.6,42.6,41.8,382
동막교사거리,경기고속삼거리 방면,직진,19,0.3,43.7,41.8,374
동막교사거리,경기고속삼거리 방면,직진,20,0.0,44.3,41.8,373
동막교사거리,경기고속삼거리 방면,직진,21,0.0,45.3,41.8,365
동막교사거리,경기고속삼거리 방면,직진,22,0.0,46.6,41.8,361
동막교사거리,경기고속삼거리 방면,직진,23,0.0,48.5,41.8,357
동막교사거리,동막교삼거리 방면,우회전,0,0.0,16.8,16.5,356
동막교사거리,동막교삼거리 방면,우회전,1,0.0,17.3,16.5,276
동막교사거리,동막교삼거리 방면,우회전,2,0.0,17.7,16.5,65
동막교사거리,동막교삼거리 방면,우회전,3,0.0,17.5,16.5,171
동막교사거리,동막교삼거리 방면,우회전,4,0.0,17.0,16.5,355
동막교사거리,동막교삼거리 방면,우회전,5,0.3,15.8,16.5,371
동막교사거리,동막교삼거리 방면,우회전,6,0.0,15.6,16.5,371
동막교사거리,동막교삼거리 방면,우회전,7,0.0,15.7,16.5,376
동막교사거리,동막교삼거리 방면,우회전,8,0.0,14.9,16.5,381
동막교사거리,동막교삼거리 방면,우회전,9,0.0,14.7,16.5,380
동막교사거리,동막교삼거리 방면,우회전,10,0.0,14.6,16.5,380
동막교사거리,동막교삼거리 방면,우회전,11,0.0,14.5,16.5,379
동막교사거리,동막교삼거리 방면,우회전,12,0.0,14.3,16.5,380
동막교사거리,동막교삼거리 방면,우회전,13,0.0,14.2,16.5,379
동막교사거리,동막교삼거리 방면,우회전,14,0.0,14.1,16.5,381
동막교사거리,동막교삼거리 방면,우회전,15,0.0,14.1,16.5,382
동막교사거리,동막교삼거리 방면,우회전,16,0.0,14.2,16.5,383
동막교사거리,동막교삼거리 방면,우회전,17,0.5,14.0,16.5,382
동막교사거리,동막교삼거리 방면,우회전,18,0.3,13.8,16.5,381
동막교사거리,동막교삼거리 방면,우회전,19,0.0,14.3,16.5,377
동막교사거리,동막교삼거리 방면,우회전,20,0.0,14.2,16.5,373
동막교사거리,동막교삼거리 방면,우회전,21,0.0,14.4,16.5,371
동막교사거리,동막교삼거리 방면,우회전,22,0.0,14.8,16.5,372
동막교사거리,동막교삼거리 방면,우회전,23,0.0,15.9,16.5,370
동막교사거리,동막교삼거리 방면,좌회전,0,0.0,38.6,38.1,363
동막교사거리,동막교삼거리 방면,좌회전,1,0.0,38.4,38.1,333
동막교사거리,동막교삼거리 방면,좌회전,2,0.0,38.8,38.1,248
동막교사거리,동막교삼거리 방면,좌회전,3,0.0,39.5,38.1,130
동막교사거리,동막교삼거리 방면,좌회전,4,0.5,37.5,38.1,204
동막교사거리,동막교삼거리 방면,좌회전,5,0.0,37.9,38.1,365
동막교사거리,동막교삼거리 방면,좌회전,6,0.0,36.7,38.1,367
동막교사거리,동막교삼거리 방면,좌회전,7,0.0,41.1,38.1,378
동막교사거리,동막교삼거리 방면,좌회전,8,0.0,41.9,38.1,380
동막교사거리,동막교삼거리 방면,좌회전,9,0.0,40.3,38.1,380
동막교사거리,동막교삼거리 방면,좌회전,10,0.0,39.6,38.1,380
동막교사거리,동막교삼거리 방면,좌회전,11,0.0,39.4,38.1,379
동막교사거리,동막교삼거리 방면,좌회전,12,0.0,39.2,38.1,379
동막교사거리,동막교삼거리 방면,좌회전,13,0.0,39.2,38.1,376
동막교사거리,동막교삼거리 방면,좌회전,14,0.0,39.4,38.1,378
동막교사거리,동막교삼거리 방면,좌회전,15,0.0,39.9,38.1,384
동막교사거리,동막교삼거리 방면,좌회전,16,0.0,40.3,38.1,381
동막교사거리,동막교삼거리 방면,좌회전,17,0.0,40.9,38.1,383
동막교사거리,동막교삼거리 방면,좌회전,18,0.0,40.6,38.1,378
동막교사거리,동막교삼거리 방면,좌회전,19,0.0,39.8,38.1,377
동막교사거리,동막교삼거리 방면,좌회전,20,0.0,39.1,38.1,376
동막교사거리,동막교삼거리 방면,좌회전,21,0.0,38.7,38.1,377
동막교사거리,동막교삼거리 방면,좌회전,22,0.0,38.6,38.1,371
동막교사거리,동막교삼거리 방면,좌회전,23,0.0,37.5,38.1,371
동막교사거리,동막교삼거리 방면,직진,0,0.0,61.1,62.3,378
동막교사거리,동막교삼거리 방면,직진,1,0.5,63.0,62.3,375
동막교사거리,동막교삼거리 방면,직진,2,0.3,64.2,62.3,372
동막교사거리,동막교삼거리 방면,직진,3,0.5,63.5,62.3,372
동막교사거리,동막교삼거리 방면,직진,4,0.5,62.7,62.3,374
동막교사거리,동막교삼거리 방면,직진,5,1.1,59.8,62.3,376
동막교사거리,동막교삼거리 방면,직진,6,0.0,57.2,62.3,380
동막교사거리,동막교삼거리 방면,직진,7,0.0,54.2,62.3,381
동막교사거리,동막교삼거리 방면,직진,8,0.5,51.0,62.3,382
동막교사거리,동막교삼거리 방면,직진,9,0.3,51.5,62.3,381
동막교사거리,동막교삼거리 방면,직진,10,0.8,50.5,62.3,383
동막교사거리,동막교삼거리 방면,직진,11,0.8,50.0,62.3,382
동막교사거리,동막교삼거리 방면,직진,12,0.5,49.8,62.3,380
동막교사거리,동막교삼거리 방면,직진,13,3.1,49.0,62.3,382
동막교사거리,동막교삼거리 방면,직진,14,2.3,48.2,62.3,383
동막교사거리,동막교삼거리 방면,직진,15,3.4,47.7,62.3,384
동막교사거리,동막교삼거리 방면,직진,16,5.5,46.8,62.3,384
동막교사거리,동막교삼거리 방면,직진,17,15.9,45.5,62.3,384
동막교사거리,동막교삼거리 방면,직진,18,41.1,43.4,62.3,384
동막교사거리,동막교삼거리 방면,직진,19,11.4,46.1,62.3,385
동막교사거리,동막교삼거리 방면,직진,20,1.0,48.9,62.3,384
동막교사거리,동막교삼거리 방면,직진,21,0.5,50.5,62.3,386
동막교사거리,동막교삼거리 방면,직진,22,0.8,51.4,62.3,382
동막교사거리,동막교삼거리 방면,직진,23,0.8,56.3,62.3,383
동막교사거리,오리공원 방면,우회전,0,0.0,15.7,14.3,254
동막교사거리,오리공원 방면,우회전,1,0.5,16.4,14.3,183
동막교사거리,오리공원 방면,우회전,2,0.0,15.3,14.3,88
동막교사거리,오리공원 방면,우회전,3,0.0,15.8,14.3,81
동막교사거리,오리공원 방면,우회전,4,0.4,15.2,14.3,261
동막교사거리,오리공원 방면,우회전,5,0.0,16.7,14.3,357
동막교사거리,오리공원 방면,우회전,6,0.0,18.6,14.3,375
동막교사거리,오리공원 방면,우회전,7,0.5,17.6,14.3,387
동막교사거리,오리공원 방면,우회전,8,1.3,16.6,14.3,387
동막교사거리,오리공원 방면,우회전,9,0.0,16.9,14.3,385
동막교사거리,오리공원 방면,우회전,10,0.3,16.5,14.3,384
동막교사거리,오리공원 방면,우회전,11,0.0,16.3,14.3,382
동막교사거리,오리공원 방면,우회전,12,0.5,16.2,14.3,381
동막교사거리,오리공원 방면,우회전,13,0.0,16.4,14.3,378
동막교사거리,오리공원 방면,우회전,14,0.0,16.4,14.3,381
동막교사거리,오리공원 방면,우회전,15,0.0,16.4,14.3,380
동막교사거리,오리공원 방면,우회전,16,0.0,16.9,14.3,382
동막교사거리,오리공원 방면,우회전,17,0.3,16.6,14.3,383
동막교사거리,오리공원 방면,우회전,18,0.0,16.1,14.3,382
동막교사거리,오리공원 방면,우회전,19,0.3,15.8,14.3,381
동막교사거리,오리공원 방면,우회전,20,4.0,15.5,14.3,379
동막교사거리,오리공원 방면,우회전,21,2.6,15.2,14.3,378
동막교사거리,오리공원 방면,우회전,22,2.1,15.5,14.3,374
동막교사거리,오리공원 방면,우회전,23,0.0,16.4,14.3,349
동막교사거리,오리공원 방면,좌회전,18,0.0,22.9,22.5,56
동막교사거리,오리공원 방면,직진,0,0.0,32.5,28.6,177
동막교사거리,오리공원 방면,직진,1,0.0,32.4,28.6,52
동막교사거리,오리공원 방면,직진,2,0.0,31.3,28.6,38
동막교사거리,오리공원 방면,직진,3,0.0,30.7,28.6,82
동막교사거리,오리공원 방면,직진,4,0.4,31.3,28.6,276
동막교사거리,오리공원 방면,직진,5,0.0,31.5,28.6,362
동막교사거리,오리공원 방면,직진,6,0.0,32.7,28.6,361
동막교사거리,오리공원 방면,직진,7,0.3,32.3,28.6,356
동막교사거리,오리공원 방면,직진,8,0.0,31.2,28.6,360
동막교사거리,오리공원 방면,직진,9,0.0,32.3,28.6,376
동막교사거리,오리공원 방면,직진,10,0.0,32.3,28.6,379
동막교사거리,오리공원 방면,직진,11,0.0,32.4,28.6,381
동막교사거리,오리공원 방면,직진,12,0.0,32.6,28.6,380
동막교사거리,오리공원 방면,직진,13,0.0,32.2,28.6,377
동막교사거리,오리공원 방면,직진,14,0.0,32.6,28.6,379
동막교사거리,오리공원 방면,직진,15,0.0,32.8,28.6,379
동막교사거리,오리공원 방면,직진,16,0.0,32.3,28.6,373
동막교사거리,오리공원 방면,직진,17,0.0,32.7,28.6,376
동막교사거리,오리공원 방면,직진,18,0.3,32.2,28.6,381
동막교사거리,오리공원 방면,직진,19,0.0,31.9,28.6,380
동막교사거리,오리공원 방면,직진,20,0.0,32.1,28.6,379
동막교사거리,오리공원 방면,직진,21,0.0,32.0,28.6,378
동막교사거리,오리공원 방면,직진,22,0.0,31.7,28.6,363
동막교사거리,오리공원 방면,직진,23,0.0,31.5,28.6,290
동막교사거리,오리역 방면,우회전,7,0.8,14.8,14.6,126
동막교사거리,오리역 방면,우회전,8,0.3,14.5,14.6,295
동막교사거리,오리역 방면,우회전,9,0.4,14.9,14.6,268
동막교사거리,오리역 방면,우회전,10,0.0,14.8,14.6,266
동막교사거리,오리역 방면,우회전,11,0.0,15.0,14.6,222
동막교사거리,오리역 방면,우회전,12,0.5,14.8,14.6,211
동막교사거리,오리역 방면,우회전,13,0.0,15.0,14.6,285
동막교사거리,오리역 방면,우회전,14,0.5,14.9,14.6,216
동막교사거리,오리역 방면,우회전,15,0.0,14.7,14.6,164
동막교사거리,오리역 방면,우회전,16,0.7,14.6,14.6,136
동막교사거리,오리역 방면,우회전,17,0.0,14.7,14.6,166
동막교사거리,오리역 방면,우회전,18,0.8,14.4,14.6,259
동막교사거리,오리역 방면,우회전,19,1.9,14.1,14.6,209
동막교사거리,오리역 방면,우회전,20,2.3,13.8,14.6,43
동막교사거리,오리역 방면,좌회전,0,0.0,41.9,42.0,352
동막교사거리,오리역 방면,좌회전,1,0.0,40.9,42.0,292
동막교사거리,오리역 방면,좌회전,2,0.6,40.0,42.0,170
동막교사거리,오리역 방면,좌회전,3,0.0,41.9,42.0,59
동막교사거리,오리역 방면,좌회전,4,0.5,41.5,42.0,182
동막교사거리,오리역 방면,좌회전,5,0.6,43.0,42.0,338
동막교사거리,오리역 방면,좌회전,6,0.0,46.4,42.0,376
동막교사거리,오리역 방면,좌회전,7,0.0,47.9,42.0,377
동막교사거리,오리역 방면,좌회전,8,0.0,49.7,42.0,381
동막교사거리,오리역 방면,좌회전,9,0.0,50.0,42.0,382
동막교사거리,오리역 방면,좌회전,10,0.0,48.1,42.0,383
동막교사거리,오리역 방면,좌회전,11,0.0,47.1,42.0,383
동막교사거리,오리역 방면,좌회전,12,0.0,46.6,42.0,381
동막교사거리,오리역 방면,좌회전,13,0.0,46.1,42.0,378
동막교사거리,오리역 방면,좌회전,14,0.0,46.2,42.0,380
동막교사거리,오리역 방면,좌회전,15,0.0,46.7,42.0,380
동막교사거리,오리역 방면,좌회전,16,0.0,47.8,42.0,382
동막교사거리,오리역 방면,좌회전,17,0.0,48.8,42.0,383
동막교사거리,오리역 방면,좌회전,18,0.0,48.0,42.0,383
동막교사거리,오리역 방면,좌회전,19,0.0,46.4,42.0,382
동막교사거리,오리역 방면,좌회전,20,0.0,45.9,42.0,380
동막교사거리,오리역 방면,좌회전,21,0.0,45.2,42.0,381
동막교사거리,오리역 방면,좌회전,22,0.0,45.0,42.0,380
동막교사거리,오리역 방면,좌회전,23,0.0,43.4,42.0,377
동막교사거리,오리역 방면,직진,0,0.3,46.5,46.4,382
동막교사거리,오리역 방면,직진,1,0.3,47.5,46.4,382
동막교사거리,오리역 방면,직진,2,0.3,47.2,46.4,381
동막교사거리,오리역 방면,직진,3,0.0,49.8,46.4,381
동막교사거리,오리역 방면,직진,4,0.0,45.7,46.4,384
동막교사거리,오리역 방면,직진,5,0.3,44.2,46.4,385
동막교사거리,오리역 방면,직진,6,0.3,48.5,46.4,387
동막교사거리,오리역 방면,직진,7,0.8,46.2,46.4,391
동막교사거리,오리역 방면,직진,8,2.6,46.1,46.4,391
동막교사거리,오리역 방면,직진,9,0.0,48.5,46.4,389
동막교사거리,오리역 방면,직진,10,0.0,46.8,46.4,389
동막교사거리,오리역 방면,직진,11,0.3,46.2,46.4,388
동막교사거리,오리역 방면,직진,12,0.3,45.8,46.4,385
동막교사거리,오리역 방면,직진,13,0.3,45.5,46.4,383
동막교사거리,오리역 방면,직진,14,0.0,45.7,46.4,387
동막교사거리,오리역 방면,직진,15,0.0,45.9,46.4,389
동막교사거리,오리역 방면,직진,16,0.0,47.3,46.4,389
동막교사거리,오리역 방면,직진,17,0.3,47.5,46.4,388
동막교사거리,오리역 방면,직진,18,0.3,46.9,46.4,389
동막교사거리,오리역 방면,직진,19,0.0,47.2,46.4,388
동막교사거리,오리역 방면,직진,20,0.0,47.0,46.4,388
동막교사거리,오리역 방면,직진,21,0.0,47.4,46.4,389
동막교사거리,오리역 방면,직진,22,0.8,47.1,46.4,387
동막교사거리,오리역 방면,직진,23,0.5,47.5,46.4,385
미금역사거리,까치마을사거리 방면,우회전,0,32.7,33.8,35.4,330
미금역사거리,까치마을사거리 방면,우회전,1,13.5,36.9,35.4,325
미금역사거리,까치마을사거리 방면,우회전,2,6.4,38.2,35.4,299
미금역사거리,까치마을사거리 방면,우회전,3,2.9,39.1,35.4,245
미금역사거리,까치마을사거리 방면,우회전,4,3.6,36.7,35.4,168
미금역사거리,까치마을사거리 방면,우회전,5,24.8,30.0,35.4,222
미금역사거리,까치마을사거리 방면,우회전,6,40.5,30.4,35.4,296
미금역사거리,까치마을사거리 방면,우회전,7,47.4,32.0,35.4,308
미금역사거리,까치마을사거리 방면,우회전,8,47.6,34.0,35.4,336
미금역사거리,까치마을사거리 방면,우회전,9,53.3,33.9,35.4,338
미금역사거리,까치마을사거리 방면,우회전,10,55.0,32.7,35.4,342
미금역사거리,까치마을사거리 방면,우회전,11,58.2,31.7,35.4,342
미금역사거리,까치마을사거리 방면,우회전,12,52.1,31.5,35.4,336
미금역사거리,까치마을사거리 방면,우회전,13,53.0,31.6,35.4,338
미금역사거리,까치마을사거리 방면,우회전,14,54.7,32.1,35.4,338
미금역사거리,까치마을사거리 방면,우회전,15,55.8,31.5,35.4,335
미금역사거리,까치마을사거리 방면,우회전,16,57.8,30.7,35.4,325
미금역사거리,까치마을사거리 방면,우회전,17,61.6,30.2,35.4,323
미금역사거리,까치마을사거리 방면,우회전,18,66.6,28.9,35.4,311
미금역사거리,까치마을사거리 방면,우회전,19,58.9,31.1,35.4,319
미금역사거리,까치마을사거리 방면,우회전,20,57.0,31.2,35.4,328
미금역사거리,까치마을사거리 방면,우회전,21,56.2,32.5,35.4,338
미금역사거리,까치마을사거리 방면,우회전,22,51.6,32.4,35.4,335
미금역사거리,까치마을사거리 방면,우회전,23,47.1,32.7,35.4,340
미금역사거리,까치마을사거리 방면,좌회전,0,0.3,53.9,53.0,319
미금역사거리,까치마을사거리 방면,좌회전,1,0.3,53.5,53.0,302
미금역사거리,까치마을사거리 방면,좌회전,2,0.0,52.2,53.0,272
미금역사거리,까치마을사거리 방면,좌회전,3,0.4,53.2,53.0,257
미금역사거리,까치마을사거리 방면,좌회전,4,0.3,60.2,53.0,304
미금역사거리,까치마을사거리 방면,좌회전,5,0.3,60.5,53.0,315
미금역사거리,까치마을사거리 방면,좌회전,6,0.3,53.8,53.0,322
미금역사거리,까치마을사거리 방면,좌회전,7,0.3,55.8,53.0,321
미금역사거리,까치마을사거리 방면,좌회전,8,0.0,54.7,53.0,317
미금역사거리,까치마을사거리 방면,좌회전,9,0.0,54.3,53.0,322
미금역사거리,까치마을사거리 방면,좌회전,10,1.2,52.6,53.0,329
미금역사거리,까치마을사거리 방면,좌회전,11,1.2,51.5,53.0,328
미금역사거리,까치마을사거리 방면,좌회전,12,2.5,51.3,53.0,324
미금역사거리,까치마을사거리 방면,좌회전,13,2.8,51.7,53.0,325
미금역사거리,까치마을사거리 방면,좌회전,14,3.4,51.5,53.0,323
미금역사거리,까치마을사거리 방면,좌회전,15,5.2,50.2,53.0,324
미금역사거리,까치마을사거리 방면,좌회전,16,5.6,49.4,53.0,321
미금역사거리,까치마을사거리 방면,좌회전,17,7.5,47.4,53.0,321
미금역사거리,까치마을사거리 방면,좌회전,18,10.7,46.2,53.0,319
미금역사거리,까치마을사거리 방면,좌회전,19,3.4,50.5,53.0,324
미금역사거리,까치마을사거리 방면,좌회전,20,0.9,52.2,53.0,323
미금역사거리,까치마을사거리 방면,좌회전,21,0.3,52.6,53.0,325
미금역사거리,까치마을사거리 방면,좌회전,22,0.0,51.8,53.0,324
미금역사거리,까치마을사거리 방면,좌회전,23,0.3,48.9,53.0,324
미금역사거리,까치마을사거리 방면,직진,0,0.4,66.7,65.7,224
미금역사거리,까치마을사거리 방면,직진,1,0.5,65.8,65.7,220
미금역사거리,까치마을사거리 방면,직진,2,0.4,65.6,65.7,232
미금역사거리,까치마을사거리 방면,직진,3,0.5,69.5,65.7,201
미금역사거리,까치마을사거리 방면,직진,4,0.5,73.7,65.7,186
미금역사거리,까치마을사거리 방면,직진,5,0.7,76.5,65.7,144
미금역사거리,까치마을사거리 방면,직진,6,0.3,64.5,65.7,320
미금역사거리,까치마을사거리 방면,직진,7,3.2,59.7,65.7,339
미금역사거리,까치마을사거리 방면,직진,8,12.1,56.2,65.7,339
미금역사거리,까치마을사거리 방면,직진,9,0.6,61.7,65.7,332
미금역사거리,까치마을사거리 방면,직진,10,2.4,60.9,65.7,330
미금역사거리,까치마을사거리 방면,직진,11,6.5,58.7,65.7,338
미금역사거리,까치마을사거리 방면,직진,12,6.6,58.9,65.7,335
미금역사거리,까치마을사거리 방면,직진,13,7.3,59.3,65.7,330
미금역사거리,까치마을사거리 방면,직진,14,8.4,59.0,65.7,333
미금역사거리,까치마을사거리 방면,직진,15,15.7,54.1,65.7,337
미금역사거리,까치마을사거리 방면,직진,16,39.9,48.5,65.7,343
미금역사거리,까치마을사거리 방면,직진,17,64.5,41.2,65.7,344
미금역사거리,까치마을사거리 방면,직진,18,65.6,41.8,65.7,346
미금역사거리,까치마을사거리 방면,직진,19,8.8,58.7,65.7,331
미금역사거리,까치마을사거리 방면,직진,20,1.8,61.6,65.7,328
미금역사거리,까치마을사거리 방면,직진,21,1.5,62.6,65.7,324
미금역사거리,까치마을사거리 방면,직진,22,0.0,61.9,65.7,328
미금역사거리,까치마을사거리 방면,직진,23,0.9,59.8,65.7,327
미금역사거리,미금역 방면,우회전,0,0.2,10.5,10.3,457
미금역사거리,미금역 방면,우회전,1,0.2,10.9,10.3,448
미금역사거리,미금역 방면,우회전,2,0.2,11.1,10.3,413
미금역사거리,미금역 방면,우회전,3,0.0,11.2,10.3,371
미금역사거리,미금역 방면,우회전,4,0.2,11.0,10.3,403
미금역사거리,미금역 방면,우회전,5,0.5,10.5,10.3,441
미금역사거리,미금역 방면,우회전,6,0.0,10.5,10.3,464
미금역사거리,미금역 방면,우회전,7,1.3,10.0,10.3,462
미금역사거리,미금역 방면,우회전,8,4.1,9.7,10.3,444
미금역사거리,미금역 방면,우회전,9,4.9,9.6,10.3,466
미금역사거리,미금역 방면,우회전,10,4.3,9.5,10.3,467
미금역사거리,미금역 방면,우회전,11,4.7,9.5,10.3,467
미금역사거리,미금역 방면,우회전,12,6.0,9.5,10.3,466
미금역사거리,미금역 방면,우회전,13,7.1,9.4,10.3,464
미금역사거리,미금역 방면,우회전,14,5.6,9.4,10.3,464
미금역사거리,미금역 방면,우회전,15,9.2,9.2,10.3,465
미금역사거리,미금역 방면,우회전,16,9.7,9.2,10.3,465
미금역사거리,미금역 방면,우회전,17,8.1,9.2,10.3,432
미금역사거리,미금역 방면,우회전,18,9.0,8.9,10.3,423
미금역사거리,미금역 방면,우회전,19,9.5,9.4,10.3,462
미금역사거리,미금역 방면,우회전,20,6.2,9.7,10.3,465
미금역사거리,미금역 방면,우회전,21,6.0,9.8,10.3,466
미금역사거리,미금역 방면,우회전,22,1.7,10.2,10.3,464
미금역사거리,미금역 방면,우회전,23,0.6,10.4,10.3,464
미금역사거리,미금역 방면,좌회전,0,0.0,13.6,13.1,467
미금역사거리,미금역 방면,좌회전,1,0.0,13.2,13.1,467
미금역사거리,미금역 방면,좌회전,2,0.0,12.8,13.1,465
미금역사거리,미금역 방면,좌회전,3,0.4,12.7,13.1,464
미금역사거리,미금역 방면,좌회전,4,0.2,13.4,13.1,463
미금역사거리,미금역 방면,좌회전,5,0.0,14.8,13.1,467
미금역사거리,미금역 방면,좌회전,6,0.0,16.1,13.1,467
미금역사거리,미금역 방면,좌회전,7,0.0,15.9,13.1,467
미금역사거리,미금역 방면,좌회전,8,0.2,15.5,13.1,458
미금역사거리,미금역 방면,좌회전,9,0.0,15.8,13.1,467
미금역사거리,미금역 방면,좌회전,10,0.2,15.4,13.1,467
미금역사거리,미금역 방면,좌회전,11,0.4,15.1,13.1,467
미금역사거리,미금역 방면,좌회전,12,0.4,14.9,13.1,466
미금역사거리,미금역 방면,좌회전,13,0.6,14.7,13.1,464
미금역사거리,미금역 방면,좌회전,14,0.4,14.9,13.1,465
미금역사거리,미금역 방면,좌회전,15,2.1,14.6,13.1,466
미금역사거리,미금역 방면,좌회전,16,1.9,14.8,13.1,467
미금역사거리,미금역 방면,좌회전,17,4.9,14.5,13.1,426
미금역사거리,미금역 방면,좌회전,18,3.4,14.0,13.1,412
미금역사거리,미금역 방면,좌회전,19,4.3,14.6,13.1,464
미금역사거리,미금역 방면,좌회전,20,0.4,14.7,13.1,466
미금역사거리,미금역 방면,좌회전,21,0.0,14.9,13.1,466
미금역사거리,미금역 방면,좌회전,22,0.0,14.8,13.1,466
미금역사거리,미금역 방면,좌회전,23,0.0,14.4,13.1,466
미금역사거리,미금역 방면,직진,0,0.2,13.8,13.9,467
미금역사거리,미금역 방면,직진,1,0.4,13.9,13.9,466
미금역사거리,미금역 방면,직진,2,0.2,14.0,13.9,467
미금역사거리,미금역 방면,직진,3,0.4,14.3,13.9,467
미금역사거리,미금역 방면,직진,4,0.6,14.3,13.9,466
미금역사거리,미금역 방면,직진,5,0.6,13.3,13.9,467
미금역사거리,미금역 방면,직진,6,0.2,14.3,13.9,467
미금역사거리,미금역 방면,직진,7,0.6,12.3,13.9,467
미금역사거리,미금역 방면,직진,8,7.1,11.5,13.9,467
미금역사거리,미금역 방면,직진,9,1.1,12.3,13.9,467
미금역사거리,미금역 방면,직진,10,1.5,12.1,13.9,467
미금역사거리,미금역 방면,직진,11,1.1,12.3,13.9,467
미금역사거리,미금역 방면,직진,12,1.3,12.3,13.9,466
미금역사거리,미금역 방면,직진,13,1.5,12.0,13.9,464
미금역사거리,미금역 방면,직진,14,1.7,11.9,13.9,464
미금역사거리,미금역 방면,직진,15,3.6,11.7,13.9,466
미금역사거리,미금역 방면,직진,16,6.0,12.0,13.9,468
미금역사거리,미금역 방면,직진,17,19.2,11.3,13.9,468
미금역사거리,미금역 방면,직진,18,20.7,11.0,13.9,468
미금역사거리,미금역 방면,직진,19,8.4,12.4,13.9,467
미금역사거리,미금역 방면,직진,20,1.1,12.7,13.9,467
미금역사거리,미금역 방면,직진,21,0.2,13.0,13.9,466
미금역사거리,미금역 방면,직진,22,0.0,13.3,13.9,466
미금역사거리,미금역 방면,직진,23,0.4,13.8,13.9,466
미금역사거리,정자일로 방면,우회전,0,11.4,9.8,8.2,472
미금역사거리,정자일로 방면,우회전,1,2.4,9.9,8.2,455
미금역사거리,정자일로 방면,우회전,2,0.5,10.1,8.2,437
미금역사거리,정자일로 방면,우회전,3,1.7,9.4,8.2,349
미금역사거리,정자일로 방면,우회전,4,1.2,9.6,8.2,422
미금역사거리,정자일로 방면,우회전,5,2.8,10.0,8.2,470
미금역사거리,정자일로 방면,우회전,6,11.2,9.6,8.2,473
미금역사거리,정자일로 방면,우회전,7,30.4,8.7,8.2,477
미금역사거리,정자일로 방면,우회전,8,46.6,8.4,8.2,474
미금역사거리,정자일로 방면,우회전,9,56.2,8.2,8.2,477
미금역사거리,정자일로 방면,우회전,10,54.1,8.2,8.2,477
미금역사거리,정자일로 방면,우회전,11,58.5,8.1,8.2,477
미금역사거리,정자일로 방면,우회전,12,60.5,8.0,8.2,476
미금역사거리,정자일로 방면,우회전,13,65.1,7.9,8.2,475
미금역사거리,정자일로 방면,우회전,14,64.2,7.9,8.2,475
미금역사거리,정자일로 방면,우회전,15,66.3,7.8,8.2,475
미금역사거리,정자일로 방면,우회전,16,67.5,7.7,8.2,477
미금역사거리,정자일로 방면,우회전,17,67.7,7.7,8.2,477
미금역사거리,정자일로 방면,우회전,18,67.9,7.4,8.2,477
미금역사거리,정자일로 방면,우회전,19,69.7,7.4,8.2,476
미금역사거리,정자일로 방면,우회전,20,68.1,7.6,8.2,476
미금역사거리,정자일로 방면,우회전,21,63.2,7.9,8.2,475
미금역사거리,정자일로 방면,우회전,22,52.2,8.3,8.2,475
미금역사거리,정자일로 방면,우회전,23,28.4,9.1,8.2,475
미금역사거리,정자일로 방면,좌회전,0,0.0,12.4,11.4,473
미금역사거리,정자일로 방면,좌회전,1,0.2,11.9,11.4,474
미금역사거리,정자일로 방면,좌회전,2,0.2,12.0,11.4,471
미금역사거리,정자일로 방면,좌회전,3,0.2,11.5,11.4,462
미금역사거리,정자일로 방면,좌회전,4,0.0,12.5,11.4,470
미금역사거리,정자일로 방면,좌회전,5,0.2,12.3,11.4,475
미금역사거리,정자일로 방면,좌회전,6,0.2,12.4,11.4,476
미금역사거리,정자일로 방면,좌회전,7,0.2,13.1,11.4,477
미금역사거리,정자일로 방면,좌회전,8,0.2,13.1,11.4,477
미금역사거리,정자일로 방면,좌회전,9,0.2,13.4,11.4,477
미금역사거리,정자일로 방면,좌회전,10,0.0,13.1,11.4,477
미금역사거리,정자일로 방면,좌회전,11,0.0,12.9,11.4,477
미금역사거리,정자일로 방면,좌회전,12,0.0,13.0,11.4,476
미금역사거리,정자일로 방면,좌회전,13,0.0,13.0,11.4,475
미금역사거리,정자일로 방면,좌회전,14,0.0,12.8,11.4,475
미금역사거리,정자일로 방면,좌회전,15,0.2,12.7,11.4,475
미금역사거리,정자일로 방면,좌회전,16,0.6,12.4,11.4,477
미금역사거리,정자일로 방면,좌회전,17,9.4,11.4,11.4,477
미금역사거리,정자일로 방면,좌회전,18,9.0,11.3,11.4,477
미금역사거리,정자일로 방면,좌회전,19,0.0,12.7,11.4,477
미금역사거리,정자일로 방면,좌회전,20,0.2,12.6,11.4,477
미금역사거리,정자일로 방면,좌회전,21,0.0,12.4,11.4,477
미금역사거리,정자일로 방면,좌회전,22,0.0,12.1,11.4,477
미금역사거리,정자일로 방면,좌회전,23,0.2,11.9,11.4,476
미금역사거리,정자일로 방면,직진,0,0.0,14.2,11.8,474
미금역사거리,정자일로 방면,직진,1,0.2,13.7,11.8,475
미금역사거리,정자일로 방면,직진,2,0.4,14.1,11.8,474
미금역사거리,정자일로 방면,직진,3,0.8,13.3,11.8,473
미금역사거리,정자일로 방면,직진,4,0.2,15.1,11.8,474
미금역사거리,정자일로 방면,직진,5,0.2,14.2,11.8,477
미금역사거리,정자일로 방면,직진,6,0.4,13.6,11.8,477
미금역사거리,정자일로 방면,직진,7,0.2,13.4,11.8,477
미금역사거리,정자일로 방면,직진,8,0.4,12.8,11.8,477
미금역사거리,정자일로 방면,직진,9,0.4,12.9,11.8,477
미금역사거리,정자일로 방면,직진,10,0.4,13.0,11.8,477
미금역사거리,정자일로 방면,직진,11,0.2,13.3,11.8,477
미금역사거리,정자일로 방면,직진,12,0.0,13.1,11.8,476
미금역사거리,정자일로 방면,직진,13,0.0,12.8,11.8,475
미금역사거리,정자일로 방면,직진,14,0.4,12.7,11.8,475
미금역사거리,정자일로 방면,직진,15,0.8,12.6,11.8,475
미금역사거리,정자일로 방면,직진,16,1.7,12.4,11.8,477
미금역사거리,정자일로 방면,직진,17,9.9,11.8,11.8,477
미금역사거리,정자일로 방면,직진,18,15.5,11.7,11.8,477
미금역사거리,정자일로 방면,직진,19,0.2,13.0,11.8,477
미금역사거리,정자일로 방면,직진,20,0.2,13.2,11.8,477
미금역사거리,정자일로 방면,직진,21,0.0,13.1,11.8,477
미금역사거리,정자일로 방면,직진,22,0.0,12.9,11.8,477
미금역사거리,정자일로 방면,직진,23,0.4,12.9,11.8,477
미금역사거리,청송마을 사거리 방면,우회전,0,0.2,6.5,7.0,460
미금역사거리,청송마을 사거리 방면,우회전,1,0.0,7.1,7.0,458
미금역사거리,청송마을 사거리 방면,우회전,2,0.2,7.5,7.0,428
미금역사거리,청송마을 사거리 방면,우회전,3,0.5,7.7,7.0,393
미금역사거리,청송마을 사거리 방면,우회전,4,0.0,7.4,7.0,438
미금역사거리,청송마을 사거리 방면,우회전,5,0.9,6.8,7.0,461
미금역사거리,청송마을 사거리 방면,우회전,6,1.3,6.6,7.0,464
미금역사거리,청송마을 사거리 방면,우회전,7,0.2,7.6,7.0,477
미금역사거리,청송마을 사거리 방면,우회전,8,0.2,7.4,7.0,477
미금역사거리,청송마을 사거리 방면,우회전,9,0.2,6.9,7.0,470
미금역사거리,청송마을 사거리 방면,우회전,10,1.1,6.7,7.0,472
미금역사거리,청송마을 사거리 방면,우회전,11,3.0,6.6,7.0,474
미금역사거리,청송마을 사거리 방면,우회전,12,4.5,6.4,7.0,471
미금역사거리,청송마을 사거리 방면,우회전,13,5.9,6.5,7.0,472
미금역사거리,청송마을 사거리 방면,우회전,14,5.1,6.7,7.0,474
미금역사거리,청송마을 사거리 방면,우회전,15,7.2,6.6,7.0,474
미금역사거리,청송마을 사거리 방면,우회전,16,6.1,6.7,7.0,477
미금역사거리,청송마을 사거리 방면,우회전,17,14.0,6.5,7.0,477
미금역사거리,청송마을 사거리 방면,우회전,18,22.7,6.4,7.0,475
미금역사거리,청송마을 사거리 방면,우회전,19,3.2,6.8,7.0,475
미금역사거리,청송마을 사거리 방면,우회전,20,2.5,6.8,7.0,474
미금역사거리,청송마을 사거리 방면,우회전,21,0.4,6.7,7.0,474
미금역사거리,청송마을 사거리 방면,우회전,22,0.6,6.7,7.0,470
미금역사거리,청송마을 사거리 방면,우회전,23,2.8,6.2,7.0,463
미금역사거리,청송마을 사거리 방면,좌회전,0,0.0,11.4,11.2,377
미금역사거리,청송마을 사거리 방면,좌회전,1,0.3,10.8,11.2,319
미금역사거리,청송마을 사거리 방면,좌회전,2,0.5,10.5,11.2,216
미금역사거리,청송마을 사거리 방면,좌회전,3,2.3,10.3,11.2,87
미금역사거리,청송마을 사거리 방면,좌회전,5,0.4,11.1,11.2,254
미금역사거리,청송마을 사거리 방면,좌회전,6,0.5,11.7,11.2,370
미금역사거리,청송마을 사거리 방면,좌회전,7,0.0,12.1,11.2,389
미금역사거리,청송마을 사거리 방면,좌회전,8,0.3,13.5,11.2,390
미금역사거리,청송마을 사거리 방면,좌회전,9,0.0,13.9,11.2,391
미금역사거리,청송마을 사거리 방면,좌회전,10,0.0,13.5,11.2,394
미금역사거리,청송마을 사거리 방면,좌회전,11,0.0,13.6,11.2,394
미금역사거리,청송마을 사거리 방면,좌회전,12,0.0,13.6,11.2,390
미금역사거리,청송마을 사거리 방면,좌회전,13,0.0,13.3,11.2,388
미금역사거리,청송마을 사거리 방면,좌회전,14,0.0,13.3,11.2,389
미금역사거리,청송마을 사거리 방면,좌회전,15,0.0,13.3,11.2,390
미금역사거리,청송마을 사거리 방면,좌회전,16,0.0,13.4,11.2,393
미금역사거리,청송마을 사거리 방면,좌회전,17,0.0,13.4,11.2,392
미금역사거리,청송마을 사거리 방면,좌회전,18,0.0,13.5,11.2,392
미금역사거리,청송마을 사거리 방면,좌회전,19,0.0,13.6,11.2,392
미금역사거리,청송마을 사거리 방면,좌회전,20,0.0,13.2,11.2,390
미금역사거리,청송마을 사거리 방면,좌회전,21,0.0,13.0,11.2,389
미금역사거리,청송마을 사거리 방면,좌회전,22,0.0,12.6,11.2,388
미금역사거리,청송마을 사거리 방면,좌회전,23,0.0,11.8,11.2,389
미금역사거리,청송마을 사거리 방면,직진,0,3.6,21.6,21.7,474
미금역사거리,청송마을 사거리 방면,직진,1,4.4,23.0,21.7,472
미금역사거리,청송마을 사거리 방면,직진,2,4.7,22.4,21.7,469
미금역사거리,청송마을 사거리 방면,직진,3,3.4,22.3,21.7,464
미금역사거리,청송마을 사거리 방면,직진,4,3.7,22.2,21.7,462
미금역사거리,청송마을 사거리 방면,직진,5,2.1,21.9,21.7,468
미금역사거리,청송마을 사거리 방면,직진,6,0.2,21.2,21.7,477
미금역사거리,청송마을 사거리 방면,직진,7,0.2,22.6,21.7,477
미금역사거리,청송마을 사거리 방면,직진,8,0.2,22.3,21.7,477
미금역사거리,청송마을 사거리 방면,직진,9,0.2,22.0,21.7,477
미금역사거리,청송마을 사거리 방면,직진,10,0.0,21.5,21.7,477
미금역사거리,청송마을 사거리 방면,직진,11,0.0,21.3,21.7,477
미금역사거리,청송마을 사거리 방면,직진,12,0.2,21.2,21.7,476
미금역사거리,청송마을 사거리 방면,직진,13,0.8,20.8,21.7,475
미금역사거리,청송마을 사거리 방면,직진,14,0.6,20.5,21.7,475
미금역사거리,청송마을 사거리 방면,직진,15,1.7,20.4,21.7,475
미금역사거리,청송마을 사거리 방면,직진,16,3.6,20.0,21.7,477
미금역사거리,청송마을 사거리 방면,직진,17,11.9,19.0,21.7,477
미금역사거리,청송마을 사거리 방면,직진,18,25.4,17.8,21.7,477
미금역사거리,청송마을 사거리 방면,직진,19,4.4,19.4,21.7,477
미금역사거리,청송마을 사거리 방면,직진,20,0.4,20.4,21.7,477
미금역사거리,청송마을 사거리 방면,직진,21,0.4,21.1,21.7,477
미금역사거리,청송마을 사거리 방면,직진,22,0.2,21.7,21.7,477
미금역사거리,청송마을 사거리 방면,직진,23,0.2,21.7,21.7,476
오리삼거리,농수산물센터 방면,우회전,0,0.5,13.2,13.9,437
오리삼거리,농수산물센터 방면,우회전,1,0.0,13.9,13.9,419
오리삼거리,농수산물센터 방면,우회전,2,0.0,14.5,13.9,386
오리삼거리,농수산물센터 방면,우회전,3,0.0,15.0,13.9,310
오리삼거리,농수산물센터 방면,우회전,4,0.0,13.7,13.9,391
오리삼거리,농수산물센터 방면,우회전,5,0.2,12.5,13.9,428
오리삼거리,농수산물센터 방면,우회전,6,0.0,14.5,13.9,449
오리삼거리,농수산물센터 방면,우회전,7,0.0,13.3,13.9,470
오리삼거리,농수산물센터 방면,우회전,8,0.0,13.1,13.9,471
오리삼거리,농수산물센터 방면,우회전,9,0.0,13.3,13.9,471
오리삼거리,농수산물센터 방면,우회전,10,0.0,13.2,13.9,471
오리삼거리,농수산물센터 방면,우회전,11,0.0,13.0,13.9,472
오리삼거리,농수산물센터 방면,우회전,12,0.0,12.6,13.9,471
오리삼거리,농수산물센터 방면,우회전,13,0.0,12.7,13.9,469
오리삼거리,농수산물센터 방면,우회전,14,0.0,12.8,13.9,471
오리삼거리,농수산물센터 방면,우회전,15,0.2,12.9,13.9,471
오리삼거리,농수산물센터 방면,우회전,16,0.0,13.6,13.9,473
오리삼거리,농수산물센터 방면,우회전,17,0.0,13.2,13.9,472
오리삼거리,농수산물센터 방면,우회전,18,0.4,13.0,13.9,469
오리삼거리,농수산물센터 방면,우회전,19,0.0,13.2,13.9,468
오리삼거리,농수산물센터 방면,우회전,20,0.0,13.3,13.9,463
오리삼거리,농수산물센터 방면,우회전,21,0.2,13.8,13.9,461
오리삼거리,농수산물센터 방면,우회전,22,0.2,14.2,13.9,458
오리삼거리,농수산물센터 방면,우회전,23,0.0,13.5,13.9,449
오리삼거리,농수산물센터 방면,직진,0,0.4,24.3,25.3,460
오리삼거리,농수산물센터 방면,직진,1,1.1,24.5,25.3,453
오리삼거리,농수산물센터 방면,직진,2,1.1,24.4,25.3,452
오리삼거리,농수산물센터 방면,직진,3,0.9,26.3,25.3,451
오리삼거리,농수산물센터 방면,직진,4,0.4,25.2,25.3,455
오리삼거리,농수산물센터 방면,직진,5,0.9,25.0,25.3,459
오리삼거리,농수산물센터 방면,직진,6,0.0,29.9,25.3,468
오리삼거리,농수산물센터 방면,직진,7,3.0,24.5,25.3,472
오리삼거리,농수산물센터 방면,직진,8,3.6,24.8,25.3,472
오리삼거리,농수산물센터 방면,직진,9,0.2,26.0,25.3,472
오리삼거리,농수산물센터 방면,직진,10,0.2,26.5,25.3,471
오리삼거리,농수산물센터 방면,직진,11,0.0,27.4,25.3,472
오리삼거리,농수산물센터 방면,직진,12,0.2,27.2,25.3,471
오리삼거리,농수산물센터 방면,직진,13,0.2,27.1,25.3,470
오리삼거리,농수산물센터 방면,직진,14,0.2,27.2,25.3,471
오리삼거리,농수산물센터 방면,직진,15,0.4,27.2,25.3,471
오리삼거리,농수산물센터 방면,직진,16,0.0,27.6,25.3,473
오리삼거리,농수산물센터 방면,직진,17,0.0,27.3,25.3,472
오리삼거리,농수산물센터 방면,직진,18,0.0,27.1,25.3,472
오리삼거리,농수산물센터 방면,직진,19,0.0,27.7,25.3,471
오리삼거리,농수산물센터 방면,직진,20,0.0,27.9,25.3,472
오리삼거리,농수산물센터 방면,직진,21,0.0,28.0,25.3,471
오리삼거리,농수산물센터 방면,직진,22,0.0,29.0,25.3,472
오리삼거리,농수산물센터 방면,직진,23,0.2,28.8,25.3,470
오리삼거리,오리교1사거리 방면,우회전,0,1.2,10.6,11.0,430
오리삼거리,오리교1사거리 방면,우회전,1,0.5,10.9,11.0,424
오리삼거리,오리교1사거리 방면,우회전,2,0.2,11.4,11.0,417
오리삼거리,오리교1사거리 방면,우회전,3,0.0,12.3,11.0,409
오리삼거리,오리교1사거리 방면,우회전,4,0.2,11.7,11.0,422
오리삼거리,오리교1사거리 방면,우회전,5,0.4,10.4,11.0,447
오리삼거리,오리교1사거리 방면,우회전,6,2.2,9.8,11.0,457
오리삼거리,오리교1사거리 방면,우회전,7,2.2,9.5,11.0,457
오리삼거리,오리교1사거리 방면,우회전,8,2.6,9.3,11.0,453
오리삼거리,오리교1사거리 방면,우회전,9,6.5,8.9,11.0,464
오리삼거리,오리교1사거리 방면,우회전,10,7.9,8.8,11.0,467
오리삼거리,오리교1사거리 방면,우회전,11,6.0,8.8,11.0,467
오리삼거리,오리교1사거리 방면,우회전,12,7.1,8.8,11.0,466
오리삼거리,오리교1사거리 방면,우회전,13,6.2,8.8,11.0,467
오리삼거리,오리교1사거리 방면,우회전,14,6.0,8.8,11.0,467
오리삼거리,오리교1사거리 방면,우회전,15,9.0,8.7,11.0,466
오리삼거리,오리교1사거리 방면,우회전,16,7.3,8.9,11.0,468
오리삼거리,오리교1사거리 방면,우회전,17,20.9,8.3,11.0,468
오리삼거리,오리교1사거리 방면,우회전,18,29.6,8.2,11.0,467
오리삼거리,오리교1사거리 방면,우회전,19,16.4,8.6,11.0,463
오리삼거리,오리교1사거리 방면,우회전,20,16.1,8.7,11.0,454
오리삼거리,오리교1사거리 방면,우회전,21,8.6,9.0,11.0,456
오리삼거리,오리교1사거리 방면,우회전,22,6.2,9.5,11.0,452
오리삼거리,오리교1사거리 방면,우회전,23,0.4,10.3,11.0,449
오리삼거리,오리교1사거리 방면,좌회전,0,0.2,10.5,10.4,464
오리삼거리,오리교1사거리 방면,좌회전,1,0.0,10.1,10.4,453
오리삼거리,오리교1사거리 방면,좌회전,2,0.0,9.9,10.4,396
오리삼거리,오리교1사거리 방면,좌회전,3,0.0,10.2,10.4,380
오리삼거리,오리교1사거리 방면,좌회전,4,0.2,11.0,10.4,420
오리삼거리,오리교1사거리 방면,좌회전,5,0.2,12.3,10.4,457
오리삼거리,오리교1사거리 방면,좌회전,6,0.2,11.7,10.4,467
오리삼거리,오리교1사거리 방면,좌회전,7,0.2,11.6,10.4,467
오리삼거리,오리교1사거리 방면,좌회전,8,0.2,11.4,10.4,467
오리삼거리,오리교1사거리 방면,좌회전,9,0.2,11.2,10.4,467
오리삼거리,오리교1사거리 방면,좌회전,10,0.0,11.3,10.4,467
오리삼거리,오리교1사거리 방면,좌회전,11,0.0,11.3,10.4,467
오리삼거리,오리교1사거리 방면,좌회전,12,0.0,11.4,10.4,466
오리삼거리,오리교1사거리 방면,좌회전,13,0.0,11.3,10.4,467
오리삼거리,오리교1사거리 방면,좌회전,14,0.0,11.3,10.4,467
오리삼거리,오리교1사거리 방면,좌회전,15,0.4,11.1,10.4,466
오리삼거리,오리교1사거리 방면,좌회전,16,0.9,10.8,10.4,468
오리삼거리,오리교1사거리 방면,좌회전,17,2.6,10.3,10.4,468
오리삼거리,오리교1사거리 방면,좌회전,18,9.4,9.1,10.4,467
오리삼거리,오리교1사거리 방면,좌회전,19,0.4,10.4,10.4,467
오리삼거리,오리교1사거리 방면,좌회전,20,0.0,10.7,10.4,467
오리삼거리,오리교1사거리 방면,좌회전,21,0.0,10.7,10.4,467
오리삼거리,오리교1사거리 방면,좌회전,22,0.0,10.7,10.4,467
오리삼거리,오리교1사거리 방면,좌회전,23,0.2,10.5,10.4,467
오리삼거리,오리역 방면,좌회전,0,10.7,12.2,14.3,103
오리삼거리,오리역 방면,좌회전,4,8.0,12.4,14.3,264
오리삼거리,오리역 방면,좌회전,5,5.4,13.7,14.3,371
오리삼거리,오리역 방면,좌회전,6,3.5,13.7,14.3,368
오리삼거리,오리역 방면,좌회전,7,1.3,13.8,14.3,391
오리삼거리,오리역 방면,좌회전,8,1.3,14.0,14.3,391
오리삼거리,오리역 방면,좌회전,9,1.0,14.3,14.3,382
오리삼거리,오리역 방면,좌회전,10,0.3,14.7,14.3,385
오리삼거리,오리역 방면,좌회전,11,0.0,15.1,14.3,388
오리삼거리,오리역 방면,좌회전,12,0.3,15.1,14.3,391
오리삼거리,오리역 방면,좌회전,13,0.0,15.1,14.3,395
오리삼거리,오리역 방면,좌회전,14,0.0,15.3,14.3,396
오리삼거리,오리역 방면,좌회전,15,0.3,15.1,14.3,391
오리삼거리,오리역 방면,좌회전,16,0.8,14.7,14.3,385
오리삼거리,오리역 방면,좌회전,17,1.3,14.4,14.3,390
오리삼거리,오리역 방면,좌회전,18,2.3,14.0,14.3,389
오리삼거리,오리역 방면,좌회전,19,1.3,14.0,14.3,391
오리삼거리,오리역 방면,좌회전,20,1.8,14.0,14.3,383
오리삼거리,오리역 방면,좌회전,21,1.6,14.0,14.3,374
오리삼거리,오리역 방면,좌회전,22,3.2,14.0,14.3,371
오리삼거리,오리역 방면,좌회전,23,8.1,12.4,14.3,296
오리삼거리,오리역 방면,직진,0,0.7,22.6,22.1,455
오리삼거리,오리역 방면,직진,1,0.4,23.5,22.1,454
오리삼거리,오리역 방면,직진,2,0.2,23.9,22.1,452
오리삼거리,오리역 방면,직진,3,0.7,24.0,22.1,449
오리삼거리,오리역 방면,직진,4,0.4,24.3,22.1,450
오리삼거리,오리역 방면,직진,5,0.7,23.6,22.1,455
오리삼거리,오리역 방면,직진,6,3.7,21.5,22.1,454
오리삼거리,오리역 방면,직진,7,6.2,20.6,22.1,452
오리삼거리,오리역 방면,직진,8,10.4,19.9,22.1,452
오리삼거리,오리역 방면,직진,9,11.9,20.1,22.1,453
오리삼거리,오리역 방면,직진,10,14.3,19.6,22.1,453
오리삼거리,오리역 방면,직진,11,18.5,19.2,22.1,455
오리삼거리,오리역 방면,직진,12,20.3,18.8,22.1,454
오리삼거리,오리역 방면,직진,13,21.6,18.5,22.1,454
오리삼거리,오리역 방면,직진,14,26.2,17.9,22.1,454
오리삼거리,오리역 방면,직진,15,38.8,17.0,22.1,454
오리삼거리,오리역 방면,직진,16,39.9,16.7,22.1,456
오리삼거리,오리역 방면,직진,17,68.4,14.5,22.1,455
오리삼거리,오리역 방면,직진,18,87.3,11.2,22.1,456
오리삼거리,오리역 방면,직진,19,47.9,16.0,22.1,455
오리삼거리,오리역 방면,직진,20,21.3,18.2,22.1,456
오리삼거리,오리역 방면,직진,21,20.8,18.7,22.1,456
오리삼거리,오리역 방면,직진,22,16.5,19.4,22.1,455
오리삼거리,오리역 방면,직진,23,4.6,20.7,22.1,455
